title,content,author_username,related_book_id
The Magic of Storytelling in 'The Alchemist',"Discover how Paulo Coelho weaves a simple tale into a profound journey of self-discovery and destiny. 'The Alchemist' reminds us that the greatest treasures are often found within ourselves.",potato,3
Demystifying Python: A Beginner's Guide,"Python Crash Course is an excellent entry point for anyone looking to learn Python. This book makes complex concepts digestible and fun.",potato,4
A Hundred Years of Solitude: A Literary Epic,"Gabriel Garcia Marquez's masterpiece is a sweeping saga that blends reality with myth, offering a unique exploration of time and human nature.",potato,5
JavaScript Fundamentals for Web Development,"Dive into the essentials of JavaScript with this insightful guide. Learn about variables, functions, and the DOM to build interactive web experiences.",potato,6
Clean Code Principles: Writing Maintainable Software,"Robert C. Martin's 'Clean Code' is a must-read for every developer. It champions readability, simplicity, and maintainability, transforming how you approach coding.",potato,7
Unraveling Humanity's Past with Sapiens,"Yuval Noah Harari takes readers on an incredible journey through human history, from the Stone Age to the modern era, challenging our perceptions of ourselves and our world.",potato,8
Mastering Machine Learning with Python,"This blog explores the practical applications of machine learning using Python, covering algorithms, data preprocessing, and model evaluation techniques.",potato,9
The Art of Effective Python Programming,"Explore best practices and hidden gems in Python with Brett Slatkin's 'Effective Python'. Learn how to write more idiomatic and performant code.",potato,10
Navigating Dystopia: A Review of '1984',"George Orwell's '1984' remains a chillingly relevant portrayal of totalitarianism and surveillance. Its themes of thought control and individual freedom resonate strongly today.",potato,11
Building REST APIs with Django Rest Framework,"Learn how to build powerful and flexible RESTful APIs using Django REST Framework. This guide covers serializers, views, and routers for rapid development.",potato,12
The Power of Automation: Beyond the Boring Stuff,"Automate tedious tasks with Python and free up your time for more creative endeavors. Discover how scripting can revolutionize your daily workflow.",potato,13
Cracking the Code: Interview Preparation Strategies,"Prepare for your next coding interview with confidence! This post outlines essential data structures, algorithms, and problem-solving techniques.",potato,14
A Deep Dive into Flask Web Development,"Flask offers a lightweight yet powerful framework for web development in Python. This guide covers setting up your first Flask application and building dynamic web pages.",potato,15
Data Analysis in Python: A Practical Approach,"Explore the world of data analysis using Python's powerful libraries like Pandas and NumPy. Learn how to clean, analyze, and visualize data effectively.",potato,16
Exploring the World of React Frontend Development,"React is a popular JavaScript library for building user interfaces. This post introduces its core concepts like components, state, and props.",potato,17
The Genesis of AI: A Look at Early Computer Books,"Before the modern era of AI, early computer science texts laid the foundation. This post revisits influential national computer books that shaped the field.",potato,4
The Eloquence of Persian Poetry: Rumi's Wisdom,"Journey into the mystical world of Rumi's poetry. His verses offer profound insights into love, spirituality, and the human condition.",potato,3
Understanding Big Data: From Concepts to Practice,"This blog post explores the challenges and opportunities presented by Big Data, and how modern computer science addresses them.",potato,4
Literary Journeys: Exploring Persian Novelists,"Discover the rich tradition of Persian novel writing, from historical epics to contemporary narratives that reflect Iran's vibrant culture.",potato,3
Optimizing Python Performance: Tips and Tricks,"Learn advanced Python techniques to write faster and more memory-efficient code, essential for large-scale applications.",potato,10
